{
  "simulated_annealing": {
    "coin_parity": -1.8187159769239976,
    "mobility": 3.4162709124009796,
    "corner_occupancy": 5.1201272287771005,
    "stability": -1.1910219125831865,
    "edge_occupancy": 2.0434638214168976
  }
}