{
  "coin_parity": -2.911163426060188,
  "mobility": -0.40620412673829387,
  "corner_occupancy": 0.08392705933495903,
  "stability": 3.5758067650896086,
  "edge_occupancy": 2.638779107121257
}