{
  "minimaxV1": {
    "coin_parity": 3.0913333102963048,
    "mobility": 4.953569442718546,
    "corner_occupancy": 6.580540369441814,
    "stability": -1.7232673842224955,
    "heuristic_pos": -0.7957082679098164,
    "edge_occupancy": -4.067543418617044
  }
}